mix_id,cement,bfs,fa,water,binder,w_b,fa_b,bfs_b,temp,Su,E0,alpha,t0,R2
A1,533.16,133.29,0.0,266.58,666.4499999999999,0.4,0.0,0.2,5.0,67.02152509414611,41807.289531549155,0.0015806345286863799,0.6799101053980365,0.9807295188530096
A1,533.16,133.29,0.0,266.58,666.4499999999999,0.4,0.0,0.2,10.0,58.868226784363145,40405.0470756851,0.004537980577428222,1.2595878541552534,0.9979430349361663
A1,533.16,133.29,0.0,266.58,666.4499999999999,0.4,0.0,0.2,20.0,57.67812849562178,40426.292269879836,0.001895578634600429,0.5057689094516542,0.9644099464445322
A1,533.16,133.29,0.0,266.58,666.4499999999999,0.4,0.0,0.2,30.0,64.9997196374224,40637.21011270232,0.004933820653961802,0.33395656143107627,0.9975019441820494
A1,533.16,133.29,0.0,266.58,666.4499999999999,0.4,0.0,0.2,40.0,56.65727602933724,40894.14917611376,0.002261225596734806,0.2451883337734442,0.9620239784810082
A10,433.65,0.0,185.88,309.77,619.53,0.5000080706341904,0.3000338966635998,0.0,5.0,32.335672662353225,41334.86221545004,0.006625795064218216,1.60486136486339,0.9965593112707838
A10,433.65,0.0,185.88,309.77,619.53,0.5000080706341904,0.3000338966635998,0.0,10.0,43.88327355724894,42327.57547135211,0.0017241458216247093,0.8785858831176505,0.9980940921777225
A10,433.65,0.0,185.88,309.77,619.53,0.5000080706341904,0.3000338966635998,0.0,20.0,53.4895049195877,43056.17053851405,0.001985028329715907,0.203212866483088,0.9924276991037838
A10,433.65,0.0,185.88,309.77,619.53,0.5000080706341904,0.3000338966635998,0.0,30.0,52.67236391402616,43902.82901527399,0.002170471188245345,4.860326094483722e-15,0.955001170967883
A10,433.65,0.0,185.88,309.77,619.53,0.5000080706341904,0.3000338966635998,0.0,40.0,53.98720597288016,43901.72025555205,0.00749319148820761,0.0016705981289849552,0.9990935343891195
A11,470.45,117.61,0.0,352.84,588.06,0.6000068020270041,0.0,0.199996598986498,5.0,36.67539722197111,42264.93857949906,0.0041009450490698315,1.717153621927436,0.9998009668304153
A11,470.45,117.61,0.0,352.84,588.06,0.6000068020270041,0.0,0.199996598986498,10.0,39.07478850763428,42852.736940685296,0.005834434764021131,1.7866856013370425,0.9987506875699538
A11,470.45,117.61,0.0,352.84,588.06,0.6000068020270041,0.0,0.199996598986498,20.0,49.20259951257556,42973.982217025325,0.0023532770382845734,0.49842582775105054,0.9987850643255723
A11,470.45,117.61,0.0,352.84,588.06,0.6000068020270041,0.0,0.199996598986498,30.0,48.46100662995027,43245.414662640615,0.006315780833784894,0.17376756322316936,0.9992902662823833
A11,470.45,117.61,0.0,352.84,588.06,0.6000068020270041,0.0,0.199996598986498,40.0,47.53097359517384,43349.23931088841,0.002483199096623403,1.8616161748733304e-13,0.9935532468837881
A12,352.18,234.72,0.0,352.14,586.9,0.6,0.0,0.3999318452888056,5.0,29.232927440252503,44727.39342579731,0.006447321857148611,1.3444690980348253,0.9865678938985881
A12,352.18,234.72,0.0,352.14,586.9,0.6,0.0,0.3999318452888056,10.0,38.06007898190886,43488.50400034168,0.00397275535001498,2.03727065333479,1.0
A12,352.18,234.72,0.0,352.14,586.9,0.6,0.0,0.3999318452888056,20.0,53.02693175616092,44886.772558948185,0.0014328721579818077,0.4255833280341884,0.9965717357147514
A12,352.18,234.72,0.0,352.14,586.9,0.6,0.0,0.3999318452888056,30.0,46.44772173439932,44845.41715409758,0.017909218944693203,9.33732264590535e-13,0.9992647565439938
A12,352.18,234.72,0.0,352.14,586.9,0.6,0.0,0.3999318452888056,40.0,50.646427157283284,42243.19840764049,0.0019504594275363113,0.539528844375749,0.9848352434154686
A13,175.55,409.6,0.0,351.09,585.1500000000001,0.5999999999999999,0.0,0.6999914551824318,5.0,26.167418662718994,46026.31399864988,0.0038233716144927764,1.2357414803940592,0.9981123132858973
A13,175.55,409.6,0.0,351.09,585.1500000000001,0.5999999999999999,0.0,0.6999914551824318,10.0,25.781648761965023,47272.018671047896,0.006875720998453931,0.06636994661108919,1.0
A13,175.55,409.6,0.0,351.09,585.1500000000001,0.5999999999999999,0.0,0.6999914551824318,20.0,45.52385818941125,44798.98093632721,0.0019445144718695957,1.1881337897340571,0.9968868676535162
A13,175.55,409.6,0.0,351.09,585.1500000000001,0.5999999999999999,0.0,0.6999914551824318,30.0,38.5724412152912,45052.546675466874,0.01711975403718354,0.4040088527769561,0.9962564467745525
A13,175.55,409.6,0.0,351.09,585.1500000000001,0.5999999999999999,0.0,0.6999914551824318,40.0,40.590427781304456,40953.6197287766,0.004293539798497569,0.5759350921143735,0.999998347211835
A14,498.36,0.0,87.94,351.78,586.3,0.6,0.14999147194269147,0.0,5.0,31.2284502278346,41014.814697090056,0.006847462075833403,1.3568970141154408,0.9995970273527904
A14,498.36,0.0,87.94,351.78,586.3,0.6,0.14999147194269147,0.0,10.0,38.04846417918449,43600.4104748962,0.0014580878745861932,0.6149452874905608,0.9937530937060367
A14,498.36,0.0,87.94,351.78,586.3,0.6,0.14999147194269147,0.0,20.0,37.452030811547715,41649.83569453621,0.012932347335362405,0.5536069346461711,0.9897682125615426
A14,498.36,0.0,87.94,351.78,586.3,0.6,0.14999147194269147,0.0,30.0,44.03785633332437,43803.69729281022,0.00307616185044039,1.0316055283760302e-14,0.9417894946178054
A14,498.36,0.0,87.94,351.78,586.3,0.6,0.14999147194269147,0.0,40.0,48.67955638763807,43858.41913280943,0.004420060049574477,4.29375425810649e-15,0.9971263919911443
A15,408.35,0.0,175.04,350.03,583.39,0.5999931435232005,0.3000394247415965,0.0,5.0,21.788482582567553,43679.16641720385,0.011549145700002596,2.2857505482889623e-13,0.9963796491734679
A15,408.35,0.0,175.04,350.03,583.39,0.5999931435232005,0.3000394247415965,0.0,10.0,29.719847378648996,42528.34864740011,0.0016102932859231585,1.346031220347109,0.9902079351119689
A15,408.35,0.0,175.04,350.03,583.39,0.5999931435232005,0.3000394247415965,0.0,20.0,33.4572525433171,43274.664225971464,0.008099386984610142,0.35879949152604795,0.9945720461357642
A15,408.35,0.0,175.04,350.03,583.39,0.5999931435232005,0.3000394247415965,0.0,30.0,43.65839624011734,45090.0820598684,0.0022679524898693263,2.217194237817565e-15,0.9802179291073225
A15,408.35,0.0,175.04,350.03,583.39,0.5999931435232005,0.3000394247415965,0.0,40.0,52.49932176710992,45095.00594261555,0.0011309690606060075,1.697647188680889e-13,0.9996544884325074
A2,398.96,265.98,0.0,265.98,664.94,0.4000060155803531,0.0,0.4000060155803531,5.0,96.08906272156868,44773.291885802224,1e-05,0.8272658678482459,0.9988366871690803
A2,398.96,265.98,0.0,265.98,664.94,0.4000060155803531,0.0,0.4000060155803531,10.0,51.55903201971577,44989.737354463985,0.01831887771912951,2.535257141753909e-15,0.9997036316341228
A2,398.96,265.98,0.0,265.98,664.94,0.4000060155803531,0.0,0.4000060155803531,20.0,77.43438661618899,43027.93966332803,0.0011232426820847411,0.5687461674639676,0.9996729868921369
A2,398.96,265.98,0.0,265.98,664.94,0.4000060155803531,0.0,0.4000060155803531,30.0,67.78042319567335,42164.23673212064,0.0031271713421151684,0.4071247303737614,0.9985110486267691
A2,398.96,265.98,0.0,265.98,664.94,0.4000060155803531,0.0,0.4000060155803531,40.0,66.18408463212327,40083.78581721218,0.0002816603530400629,0.6318234631839852,0.9850985411201727
A3,198.74,463.97,0.0,265.08,662.71,0.3999939641773928,0.0,0.7001101537625809,5.0,38.670849009363,44914.36078515269,0.0031238091616778672,0.6742061001782083,0.9998117272687044
A3,198.74,463.97,0.0,265.08,662.71,0.3999939641773928,0.0,0.7001101537625809,10.0,57.099891891126276,42581.74494296542,1e-05,1.7762344460446258,0.9962254564666945
A3,198.74,463.97,0.0,265.08,662.71,0.3999939641773928,0.0,0.7001101537625809,20.0,38.538632241018966,43333.522277840806,0.014725055036358212,0.7792518792896088,0.9980342648276631
A3,198.74,463.97,0.0,265.08,662.71,0.3999939641773928,0.0,0.7001101537625809,30.0,55.31523202287774,40711.086766302775,0.007114651930521073,0.6899612841867101,0.9832390825646491
A3,198.74,463.97,0.0,265.08,662.71,0.3999939641773928,0.0,0.7001101537625809,40.0,41.339242812354485,38369.289193075936,0.0037918298368400235,0.5217036784847485,0.9734001510557619
A4,564.55,0.0,99.63,265.67,664.18,0.3999969887681051,0.15000451684784247,0.0,5.0,57.19527163397407,41255.913492412976,0.006458954216083631,0.9203333716509701,0.9988817027394182
A4,564.55,0.0,99.63,265.67,664.18,0.3999969887681051,0.15000451684784247,0.0,10.0,56.290262942087836,39712.843186220256,0.0008641660860728081,1.629160788848194,0.9894885236842302
A4,564.55,0.0,99.63,265.67,664.18,0.3999969887681051,0.15000451684784247,0.0,20.0,59.208582003600064,40731.05589359319,0.012879511106440599,0.3974484231015222,0.998079366169665
A4,564.55,0.0,99.63,265.67,664.18,0.3999969887681051,0.15000451684784247,0.0,30.0,59.05317893550997,40199.93712443545,0.002433696222825693,0.3637971721424669,0.983916523228901
A4,564.55,0.0,99.63,265.67,664.18,0.3999969887681051,0.15000451684784247,0.0,40.0,58.530531564602406,41920.286890247495,0.006852245638280373,4.971013229539064e-15,0.9609112711490798
A5,462.3,0.0,198.15,264.18,660.45,0.39999999999999997,0.3000227117874177,0.0,5.0,53.564590332247235,41588.0511297352,0.0016636394417144625,0.8435570443750912,0.9992399838872896
A5,462.3,0.0,198.15,264.18,660.45,0.39999999999999997,0.3000227117874177,0.0,10.0,40.414981272220736,43042.24129218166,0.02353193816836214,0.6112521854839541,0.9994324898750682
A5,462.3,0.0,198.15,264.18,660.45,0.39999999999999997,0.3000227117874177,0.0,20.0,61.41786611547429,42089.809352147495,0.0021146522086282335,0.13301992778098296,0.9897432311137562
A5,462.3,0.0,198.15,264.18,660.45,0.39999999999999997,0.3000227117874177,0.0,30.0,57.73478776057011,43154.64685048365,0.004377684987192429,7.22706270492908e-17,0.9955175385021183
A5,462.3,0.0,198.15,264.18,660.45,0.39999999999999997,0.3000227117874177,0.0,40.0,56.15330416200136,42869.047822410736,0.01987286413008168,4.867538897916606e-16,0.9911172192273249
A6,499.85,124.95,0.0,312.4,624.8000000000001,0.4999999999999999,0.0,0.19998399487836105,5.0,60.12587308893538,42901.30683807735,0.0013923849543250187,1.2238849244552987,0.9864566306387149
A6,499.85,124.95,0.0,312.4,624.8000000000001,0.4999999999999999,0.0,0.19998399487836105,10.0,50.309820063118025,41390.30648149217,0.0015463466527765768,1.3098342830085832,0.9905089851637622
A6,499.85,124.95,0.0,312.4,624.8000000000001,0.4999999999999999,0.0,0.19998399487836105,20.0,59.67669674109486,42687.64665373774,0.001724846498014556,0.5384393608971969,0.9843513030796944
A6,499.85,124.95,0.0,312.4,624.8000000000001,0.4999999999999999,0.0,0.19998399487836105,30.0,53.72169468383947,41223.612639133025,0.0021707694212481496,0.43285605656629084,0.9961113030833593
A6,499.85,124.95,0.0,312.4,624.8000000000001,0.4999999999999999,0.0,0.19998399487836105,40.0,59.92090503171934,43038.76354017631,0.0014333592912361066,0.27404666457881205,0.9961144040697005
A7,374.1,249.39,0.0,311.74,623.49,0.49999198062519046,0.0,0.3999903767502285,5.0,41.30973034012529,43483.50148112027,0.005669390791661591,1.4609367084014915,0.9999929003408016
A7,374.1,249.39,0.0,311.74,623.49,0.49999198062519046,0.0,0.3999903767502285,10.0,55.44866876461441,43523.30882191044,0.0011821399653820755,1.4511086161024496,0.99479481833838
A7,374.1,249.39,0.0,311.74,623.49,0.49999198062519046,0.0,0.3999903767502285,20.0,55.22184499883174,43753.72882316011,0.004997244514511118,0.5854974924657481,0.99965433994743
A7,374.1,249.39,0.0,311.74,623.49,0.49999198062519046,0.0,0.3999903767502285,30.0,58.329742784535476,42277.46250722809,0.0009011996078472765,0.5263235098708547,0.9947969036738703
A7,374.1,249.39,0.0,311.74,623.49,0.49999198062519046,0.0,0.3999903767502285,40.0,58.43819033271494,43766.751866033126,0.014838832106867794,0.23568622787368593,0.9957356421436119
A8,186.46,435.06,0.0,310.76,621.52,0.5,0.0,0.6999935641652723,5.0,25.64921847208555,48077.539633187596,0.022631487753342616,2.267284340687639e-14,0.9871738410132885
A8,186.46,435.06,0.0,310.76,621.52,0.5,0.0,0.6999935641652723,10.0,28.54253722209782,46553.3084618344,0.0068457179648609215,3.732494976456252e-14,0.9991887193282613
A8,186.46,435.06,0.0,310.76,621.52,0.5,0.0,0.6999935641652723,20.0,56.446252386161774,44755.478742882304,0.0011881386615717334,0.8499145482400146,0.9955185355737415
A8,186.46,435.06,0.0,310.76,621.52,0.5,0.0,0.6999935641652723,30.0,41.65785904983473,42733.27787113233,0.023399674973690263,0.7426973215421855,0.9737727211515527
A8,186.46,435.06,0.0,310.76,621.52,0.5,0.0,0.6999935641652723,40.0,43.45072047589637,42691.75068104185,0.02354656852285735,0.1801878275309328,0.9996884913439348
A9,529.4,0.0,93.41,311.41,622.81,0.5000080281305695,0.14998153529969013,0.0,5.0,39.37849414867414,46029.62490396657,0.026823753616349658,3.991202369978061e-14,0.9984043383287737
A9,529.4,0.0,93.41,311.41,622.81,0.5000080281305695,0.14998153529969013,0.0,10.0,45.27601008859418,40149.60533984928,0.0015410000837214406,1.2909002665862614,0.9862413443966772
A9,529.4,0.0,93.41,311.41,622.81,0.5000080281305695,0.14998153529969013,0.0,20.0,44.25378863800705,40307.909847955285,0.005572899010558193,0.6830082337377881,0.9992148031545103
A9,529.4,0.0,93.41,311.41,622.81,0.5000080281305695,0.14998153529969013,0.0,30.0,48.90247012645744,41617.97967379744,0.0029295964294681143,0.20999293537343847,0.9917500203982449
A9,529.4,0.0,93.41,311.41,622.81,0.5000080281305695,0.14998153529969013,0.0,40.0,53.29839721766906,43500.11779755186,0.008973446941863108,4.665486435027796e-15,0.9864308472828129
Conc,264.0,50.0,17.0,172.0,331.0,0.5196374622356495,0.0513595166163142,0.1510574018126888,5.0,23.370896531655347,42132.85300618436,0.004608042965315424,1.3875228196489742,0.713280319851276
D1,667.96,0.0,0.0,267.18,667.96,0.3999940116174621,0.0,0.0,5.0,52.35364540269957,41131.47519730119,0.013874207886530212,1.4041743834053968,0.9989922429726167
D1,667.96,0.0,0.0,267.18,667.96,0.3999940116174621,0.0,0.0,10.0,46.039319080103105,40151.85723917256,0.040239715546927096,0.784118795499631,0.997554025814245
D1,667.96,0.0,0.0,267.18,667.96,0.3999940116174621,0.0,0.0,20.0,54.31795458566576,38934.403868051624,0.005212032452564534,0.3915670423801528,0.9875320813754264
D1,667.96,0.0,0.0,267.18,667.96,0.3999940116174621,0.0,0.0,30.0,53.37707766348394,39736.31559143747,0.014107762636421047,2.1091082250369995e-14,0.9856866490652529
D1,667.96,0.0,0.0,267.18,667.96,0.3999940116174621,0.0,0.0,40.0,49.0187580227404,39759.29003762669,0.004551195109953127,8.269489255195553e-15,0.8778578931622343
D3,558.84,0.0,0.0,279.42,558.84,0.5,0.0,0.0,5.0,44.05345860753556,42127.762742897554,0.010199889519799365,0.7900515159838676,0.9900559933168878
D3,558.84,0.0,0.0,279.42,558.84,0.5,0.0,0.0,10.0,42.392265114484985,41872.2042389483,0.009998496030138188,0.7387643858814421,0.9642323265211392
D3,558.84,0.0,0.0,279.42,558.84,0.5,0.0,0.0,20.0,41.468118044138734,39079.966604078814,0.0035345449841635134,0.4778544114924951,0.9597571506507109
D3,558.84,0.0,0.0,279.42,558.84,0.5,0.0,0.0,30.0,44.439848285196454,40907.58483709618,0.00245697820023749,2.980900711349657e-14,0.9134414736999155
D3,558.84,0.0,0.0,279.42,558.84,0.5,0.0,0.0,40.0,36.73431348831876,40538.06095889973,0.00585467239755964,6.965257619069674e-16,0.8974225764357306
D4,626.14,0.0,0.0,313.07,626.14,0.5,0.0,0.0,5.0,39.540548172240975,44204.86309683414,0.03068530138021399,0.8297177297966432,0.9999528014325694
D4,626.14,0.0,0.0,313.07,626.14,0.5,0.0,0.0,10.0,48.765190253929944,39882.83665158487,0.0019689012093565207,1.4634855500603332,0.9884420067541684
D4,626.14,0.0,0.0,313.07,626.14,0.5,0.0,0.0,20.0,41.52810168006795,39598.55255203117,0.03029112726359859,0.583746249527229,0.9997994189798696
D4,626.14,0.0,0.0,313.07,626.14,0.5,0.0,0.0,30.0,47.92578052125886,39569.601902543174,1e-05,0.33296979903612384,0.9934120587312968
D4,626.14,0.0,0.0,313.07,626.14,0.5,0.0,0.0,40.0,42.78106320720705,41468.44424987641,0.017986679500802072,0.053375564204805784,0.9956897199381353
D5,589.24,0.0,0.0,353.54,589.24,0.5999932115945965,0.0,0.0,5.0,35.904363886889485,42171.617979802526,0.012178513978513744,1.7306449991430386,0.9991471535619706
D5,589.24,0.0,0.0,353.54,589.24,0.5999932115945965,0.0,0.0,10.0,36.937072687927056,43856.232696128325,0.021056985514113054,0.8158338083482645,0.9987519719721977
D5,589.24,0.0,0.0,353.54,589.24,0.5999932115945965,0.0,0.0,20.0,41.37452682303659,40578.91707615848,0.012653619275466894,0.6778280218914956,0.9993286751843156
D5,589.24,0.0,0.0,353.54,589.24,0.5999932115945965,0.0,0.0,30.0,37.6709006473619,39829.97787778388,0.011844597340630265,0.5370482228668952,0.9644079573097744
D5,589.24,0.0,0.0,353.54,589.24,0.5999932115945965,0.0,0.0,40.0,37.863238364113,41956.68558650516,0.012024371617265599,3.13260331136714e-14,0.9914827311322282
